title,link,view,dayupload
Lecture-3 | Sorting in Java | FREE Premium Lecture | DSA Self-Paced Course GeeksforGeeks,https://www.youtube.com/watch?v=mUX5IfNwhjg,769 views,1 day ago
Lecture-2 | Sorting in CPP | FREE Premium Lecture | DSA Self-Paced Course GeeksforGeeks,https://www.youtube.com/watch?v=tmESfVUaTog,877 views,3 days ago
7 Game-Changing Productivity Tools You Need to Try! ğŸš€ | Maximize Your Efficiency | GFG,https://www.youtube.com/watch?v=gH-7ezHeuEo,1K views,3 days ago
Lecture-1 | Intro to Sorting Algorithms | FREE Premium Lecture | DSA Self-Paced Course GeeksforGeeks,https://www.youtube.com/watch?v=cqBW7BgN7Zs,2.6K views,3 days ago
Get 40LPA+ Jobs - Top MERN Stack Interview Questions 2024 ğŸ§‘â€ğŸ’»| MongoDB |ReactJS | ExpressJS |NodeJS,https://www.youtube.com/watch?v=EhjCmg7qiTk,753 views,4 days ago
All about Product Management Roles ğŸ§‘â€ğŸ’»  | Skills and Resources Explained |#noncodingjobs #prodman,https://www.youtube.com/watch?v=Jk2g9Drr1rI,835 views,5 days ago
How to Create a Job-Winning Resume: A Complete Guide ğŸ«¨ | Resume Making | Career Tips | GFG,https://www.youtube.com/watch?v=ZEGi4IXY2ho,1.3K views,2 weeks ago
"Upto 40 LPA Jobs from Personal Branding ğŸ’¸ | Linkedin, Youtube, Twitter, Freelancing ğŸš€ | GFG",https://www.youtube.com/watch?v=W15T5GRf238,1.4K views,3 weeks ago
9 High Paying Jobs AI Can't Replace ğŸ’¸ğŸ’¡ High Demand Jobs 2024 | Geeks for Geeks,https://www.youtube.com/watch?v=mPNpCXHjdkw,1.5K views,3 weeks ago
"Upto 20 LPA Jobs For Freshers With These Top 7 Skills | Salary, Scope, Roles & Responsibility etc.",https://www.youtube.com/watch?v=Q6QXk-rrW0M,1.3K views,4 weeks ago
10-12 LPA JOBS for Freshers ğŸ’¸ ğŸ§‘â€ğŸ’»Applications Closing Soon! Tech + Non Tech Roles | Job Vacancy 2024,https://www.youtube.com/watch?v=G_LoL_bBcQE,3.1K views,1 month ago
BUILD YOUR OWN UI/UX WEBSITE USING React.js | MERN Projects | GeeksforGeeks,https://www.youtube.com/watch?v=uZ9JiGzq3mM,1.1K views,1 month ago
"Get DREAM JOB with these NETWORKING TIPS! ğŸ’¸ğŸ’¡LinkedIn, Referrals, Cold Messaging, Networking Events",https://www.youtube.com/watch?v=zPqMnLhkfp4,1.3K views,1 month ago
RECURSION PRACTICE PROBLEM | Recursive Algorithm | DSA Course | GeeksforGeeks,https://www.youtube.com/watch?v=Hpf6mr-7_5k,686 views,1 month ago
"Best Startup Ideas in College 2024 ğŸ’¸ğŸš€| Earn Better than Placement? ğŸ¤‘ | Guide, Ideas, Funding etc",https://www.youtube.com/watch?v=G_gowXgOFRA,1.4K views,1 month ago
Get 20LPA+ Jobs with these 5 Unique Project IdeasğŸ’¡| Projects for Internships and Placements,https://www.youtube.com/watch?v=5mw5IzWTFs0,2.5K views,1 month ago
"Hate Coding? Upto 44 LPA Non Tech Jobs in 2024 ğŸ’¸ | Skills, Role and Salary Expected.",https://www.youtube.com/watch?v=DMhSsL3-SLk,1.6K views,1 month ago
Asking Coding Questions to Students Worth 20k Prices ğŸ¥³ğŸ¤‘| Kaun Banega Codepati ? ğŸ’¸,https://www.youtube.com/watch?v=a5C5lCGTIrs,1.1K views,1 month ago
"Data Analyst vs Data Scientist vs Data Engineer | Differences, Skills, Salary & Responsibilities ğŸ’¸",https://www.youtube.com/watch?v=EHmXVwjtgPs,6.8K views,1 month ago
Top 8 Remote Jobs Websites For Freshers ğŸš€ |  Earn in Dollars | How to Get Remote Jobs in 2024?,https://www.youtube.com/watch?v=OIsIZ1w7aTU,2.7K views,1 month ago
5 GENUINE Ways to EARN 40K+ as Student ğŸ’¸ğŸš€ | Pay Your College Fees | Earn Online âœ…,https://www.youtube.com/watch?v=WEm6-g3dCBc,1.8K views,1 month ago
Image Classification using CNN | Machine Learning Projects | GeeksforGeeks,https://www.youtube.com/watch?v=qm56XcRBXWc,1.9K views,1 month ago
Does CGPA Matters in Placement? | Low CGPA? Tier 3? Eligibility? | IT Jobs & Companies for Low CGPA,https://www.youtube.com/watch?v=mrap_vC0ZqU,1.7K views,1 month ago
15 LPA+ Fresher JOBS in Java ğŸš€ | BEST ROADMAP from Scratch | Geeks For Geeks,https://www.youtube.com/watch?v=BWc2DeBaYuQ,4.7K views,1 month ago
Top 10 Highest Paying Tech Jobs in India 2024 ğŸ’¸ğŸš€ | Geeks For Geeks,https://www.youtube.com/watch?v=tGSmvrS_TJk,1.7K views,1 month ago
Build an Ecommerce Website Like ZARA using React.js | MERN Projects | GeeksforGeeks,https://www.youtube.com/watch?v=jk2rhtBJ5S4,3.3K views,1 month ago
How to Start Coding in 2024? ğŸš€ | Programming Language for Beginners | Geeks for Geeks,https://www.youtube.com/watch?v=dAzVSu5zavU,2.5K views,1 month ago
3 Reasons Students QUIT Coding | How to Code Consistently ? | GeeksforGeeks,https://www.youtube.com/watch?v=oM0HOxae8_A,1.7K views,1 month ago
